mobilePhone,password
10099155782,aa123456
10099155804,aa123456
10099155805,aa123456
10099155806,aa123456
10099155807,aa123456
10099155808,aa123456
10099155809,aa123456
10099155810,aa123456
10099155811,aa123456
10099155812,aa123456
10099155813,aa123456
10099155814,aa123456
10099155815,aa123456
10099155816,aa123456
10099155817,aa123456
10099155818,aa123456
10099155819,aa123456
10099155820,aa123456
10099155821,aa123456
10099155822,aa123456
10099155823,aa123456
10099155824,aa123456
10099155825,aa123456
10099155826,aa123456
10099155827,aa123456
10099155828,aa123456
10099155829,aa123456
10099155830,aa123456
10099155831,aa123456
10099155832,aa123456
10099155833,aa123456
10099155834,aa123456
10099155835,aa123456
10099155836,aa123456
10099155837,aa123456
10099155838,aa123456
10099155839,aa123456
10099155840,aa123456
10099155841,aa123456
10099155842,aa123456
10099155843,aa123456
10099155844,aa123456
10099155845,aa123456
10099155846,aa123456
10099155847,aa123456
10099155848,aa123456
10099155849,aa123456
10099155850,aa123456
10099155851,aa123456
10099155852,aa123456
10099155853,aa123456
10099155854,aa123456
10099155855,aa123456
10099155856,aa123456
10099155857,aa123456
10099155858,aa123456
10099155859,aa123456
10099155860,aa123456
10099155861,aa123456
10099155862,aa123456
10099155863,aa123456
10099155864,aa123456
10099155865,aa123456
10099155866,aa123456
10099155867,aa123456
10099155868,aa123456
10099155869,aa123456
10099155870,aa123456
10099155871,aa123456
10099155872,aa123456
10099155873,aa123456
10099155874,aa123456
10099155875,aa123456
